ch,1,2,3,4,5,6,7,8,9,10,11,12,13,14,15,16,17,18,19,20,21,22,23,24,25,26,27,28,29,30,31,32,33,34,35,36,37,38,39,40,41,42,43,44,45,46,47,48,49,50,51,52,53,54,55,56,57,58,59,60,61,62,63
A,2,g,v,V,6,+,.,1,~,_,u,w,{,e,~,n,#,B,I,(,u,a,c,y,\,Q,=,m,%,`,g,z,_,L,{,Y,Q,W,',q,D,I,h,!,(,],x,M,},i,s,x,#,n,R,i,m,$,S,c,/,F,N
B,},F,^,/,l,p,D,G,f,7,e,T,W,o,_,G,u,],s,n,q,%,X,?,#,B,t,{,A,k,K,Y,d,N,o,3,O,/,h,<,_,w,:,&,!,V,W,b,',*,',-,9,o,&,p,0,e,k,/,s,3,a
C,c,#,U,A,R,8,b,},8,;,B,|,b,#,I,^,>,$,B,K,#,"""",s,\,`,J,>,9,Y,<,?,h,U,i,8,U,+,(,o,1,*,D,M,b,5,R,N,m,O,a,j,2,P,(,g,C,^,[,{,H,>,e,A
D,V,w,q,K,_,P,3,`,',r,~,o,D,M,E,S,m,`,R,%,|,@,+,S,f,+,~,%,7,l,n,*,L,2,:,V,(,-,+,b,y,k,.,M,:,[,&,_,K,#,k,%,~,t,F,\,s,i,W,h,\,?,*
E,X,H,B,I,7,',K,(,D,c,g,C,&,a,=,T,<,A,Q,"""",B,q,A,],0,w,;,z,F,D,O,Z,5,R,h,o,J,l,F,w,4,R,w,n,c,6,#,+,`,_,y,],4,G,>,H,N,m,e,N,4,m,[
F,',K,[,H,z,g,L,t,u,`,`,{,V,&,O,b,h,0,u,+,j,=,1,8,Q,|,4,q,W,',x,=,G,_,Y,d,/,*,V,',},?,b,9,=,k,c,A,d,),x,8,@,',y,%,7,_,L,%,W,R,r
G,M,?,&,w,Y,Z,@,s,O,1,2,-,q,y,M,-,H,4,N,C,v,?,Y,D,~,1,l,*,P,R,1,S,D,T,x,"""",.,K,;,{,Y,v,!,c,1,4,[,R,"""",w,W,I,o,y,E,>,g,+,b,v,F,*,.
H,P,{,;,*,g,Q,d,e,l,2,|,>,O,[,',*,E,y,T,O,N,H,p,`,},;,g,O,w,*,W,w,p,B,0,l,P,D,c,u,x,Q,s,C,d,`,2,v,;,r,o,*,G,u,N,D,<,s,g,>,6,6,F
I,q,p,4,p,o,E,~,%,^,g,=,+,I,1,U,R,l,#,v,Q,f,c,~,;,i,a,W,"""",a,-,',~,`,o,-,X,*,h,0,g,&,$,B,W,O,P,L,?,$,~,),4,B,K,k,y,!,t,Z,(,V,@,^
J,\,<,S,d,d,/,r,v,e,4,Y,4,K,0,C,[,c,H,y,h,;,R,K,z,),V,`,C,;,j,B,t,y,m,;,J,F,3,b,Q,b,K,y,R,9,+,-,3,*,y,e,A,/,],2,3,`,r,$,T,Q,G,c
K,U,$,J,O,f,y,$,"""",y,m,n,g,G,$,#,l,X,<,=,i,+,L,h,[,],L,h,w,c,7,X,l,J,4,e,N,',n,@,/,P,8,U,e,T,9,S,&,z,O,+,L,F,:,|,t,9,f,c,y,i,q,K
L,a,\,P,t,X,`,g,\,q,W,.,k,s,],P,L,v,"""",0,y,M,x,B,"""",s,d,!,x,"""",$,Y,9,%,c,',f,%,j,3,z,z,5,j,1,e,U,1,],Z,%,1,#,N,Y,t,',&,`,F,M,M,H,M
M,Z,),V,2,G,7,P,M,(,L,1,6,',n,?,(,q,j,i,l,5,G,?,_,$,F,Y,r,d,Y,8,;,$,>,1,m,h,9,m,D,C,Y,e,{,S,.,l,P,B,z,b,t,I,X,s,B,C,|,(,&,-,%,8
N,w,9,n,e,r,5,8,y,#,?,{,5,),h,x,h,N,x,},H,{,<,',e,@,A,0,v,t,#,P,:,B,a,^,`,>,k,t,n,7,b,*,<,r,n,v,e,@,P,5,l,K,q,-,2,u,=,G,^,b,E,;
O,K,@,<,L,+,G,(,r,X,=,W,y,|,',`,`,8,?,A,d,I,X,F,Q,C,5,V,X,f,H,7,n,w,*,=,&,I,_,},6,6,L,9,_,_,3,J,V,V,N,6,G,p,},Z,z,),X,<,b,g,f,9
P,o,t,c,l,H,"""",F,[,o,%,"""",_,d,k,V,~,D,Q,.,z,b,>,!,M,L,f,T,J,r,T,@,',t,1,9,P,?,<,w,),I,h,m,(,w,H,p,T,&,3,L,k,Z,M,=,I,>,#,q,o,x,_,V
Q,&,B,b,),?,R,B,o,L,',t,2,T,v,s,F,3,O,L,\,),o,u,$,H,i,p,.,l,{,F,7,l,7,/,w,V,`,=,e,w,c,o,L,M,e,?,a,>,g,V,X,R,T,!,d,t,P,&,k,$,T,\
R,p,L,7,f,N,X,a,N,5,~,<,m,],w,w,9,F,M,q,V,},B,a,d,h,.,8,A,p,^,],I,{,=,#,=,\,4,n,c,W,A,A,),~,i,O,K,r,7,2,),[,E,z,:,H,V,],{,8,n,!
S,R,W,`,T,;,4,<,p,6,x,i,u,F,<,f,.,(,P,;,&,A,1,l,#,D,u,},],H,m,N,^,F,x,i,s,{,|,^,:,1,.,=,~,u,S,+,{,U,|,@,q,0,_,/,<,y,l,.,7,',J,q
T,h,_,3,b,a,@,{,8,P,V,V,X,h,N,S,j,6,T,U,T,`,K,},r,"""",',',4,u,"""",V,k,n,},*,),4,p,S,P,^,q,@,-,z,a,_,9,T,4,;,0,j,R,e,^,B,p,#,@,P,>,D
U,m,x,s,],P,i,%,F,|,},r,Q,Q,L,(,u,L,\,J,=,H,#,b,A,G,b,6,T,#,),q,d,q,u,W,0,d,),A,x,R,J,`,:,g,^,<,B,f,Z,a,B,W,N,?,v,Q,h,3,;,I,t,J
V,6,O,8,%,$,M,9,>,S,.,w,.,6,t,z,"""",!,+,),t,.,w,M,',&,W,#,1,y,o,f,8,},],J,y,l,z,\,.,i,d,?,`,;,!,!,N,J,R,-,5,C,B,^,5,#,-,%,x,2,a,t
W,G,6,},o,p,#,J,3,r,[,Q,v,(,C,o,D,;,%,`,$,K,+,[,v,3,\,%,),8,G,~,.,3,k,?,1,X,L,H,(,],l,R,T,j,J,{,@,m,E,Z,Y,|,8,u,N,v,W,),|,{,5,$
X,{,a,O,{,s,b,?,V,Q,U,P,=,k,F,|,),-,C,Y,8,\,u,),>,W,7,u,M,M,Q,d,@,o,^,},v,L,B,Y,"""",2,;,{,/,',/,Y,H,R,9,l,J,J,z,',m,k,B,s,I,H,g,6
Y,%,l,9,^,9,z,e,Y,!,O,6,I,0,9,&,Z,O,&,^,`,o,2,4,),K,y,7,p,',+,\,s,X,:,b,{,7,',>,t,d,],I,?,o,%,w,*,_,F,#,3,*,1,[,E,+,k,:,n,L,0,Q
Z,),"""",/,y,n,<,_,!,Y,e,d,R,z,B,8,f,$,c,w,r,p,7,d,k,Z,O,Q,!,x,0,o,v,^,{,G,O,U,m,(,X,;,`,5,V,^,?,0,`,C,A,},b,Q,Z,3,9,D,H,i,?,c,#,w
a,J,>,i,',V,j,I,A,c,t,$,N,*,^,t,7,Y,I,3,F,[,f,T,h,d,&,^,7,R,i,T,{,-,K,~,F,x,2,K,y,G,~,$,I,},c,;,y,2,:,c,|,),.,r,"""","""",z,4,!,[,-,""""
b,#,b,h,},K,6,H,X,A,v,O,j,\,!,N,d,"""",Y,E,k,Q,$,6,*,g,[,G,D,[,t,"""",0,T,V,z,+,:,+,B,>,f,(,N,},|,=,e,h,\,K,p,(,:,H,#,0,c,E,O,<,T,C,g
c,I,N,H,[,T,c,V,2,C,f,_,F,t,?,$,q,k,[,k,Z,4,z,r,V,=,N,L,_,T,L,=,P,.,5,!,c,r,E,q,|,a,[,),\,7,1,i,O,x,T,S,',y,),<,Z,q,;,D,K,?,{,)
d,+,k,*,-,<,},5,~,I,q,9,O,A,5,),N,R,h,#,b,l,*,$,K,4,$,1,W,@,M,M,(,I,r,5,S,v,Y,O,Z,B,%,E,2,l,>,@,>,5,n,P,h,.,|,9,),d,{,U,j,f,4,R
e,_,Y,',3,8,*,-,/,G,#,(,9,r,q,A,1,7,p,+,f,%,^,i,N,r,{,+,S,N,\,+,_,h,%,m,C,=,u,L,j,J,M,g,v,K,},^,S,-,.,K,u,&,>,{,+,P,6,n,F,<,L,+
f,n,J,o,_,M,),Z,=,/,P,o,r,#,p,Q,6,i,;,\,s,>,3,E,T,?,%,_,-,b,I,6,G,9,Y,Q,.,S,C,7,U,j,m,t,8,Z,x,B,"""",t,-,G,/,s,?,P,W,/,},},3,A,`,_
g,s,-,D,Y,/,o,:,9,9,!,f,;,m,I,1,B,_,r,?,A,6,E,J,9,2,h,F,:,=,F,A,-,?,w,&,/,p,t,v,d,g,O,v,P,@,q,6,=,a,;,E,{,7,f,4,],4,7,E,d,E,],b
h,-,c,Q,;,C,(,\,7,"""",J,T,W,7,g,.,V,=,U,O,E,(,j,P,/,7,n,M,V,^,f,2,},x,n,4,<,t,P,Z,+,?,|,Q,k,6,L,9,J,1,&,q,S,g,a,;,=,[,y,M,+,k,V,W
i,S,Q,0,v,e,%,1,W,N,(,^,Z,E,T,Y,],Z,w,5,!,g,e,H,7,-,M,E,H,9,2,J,#,k,F,F,|,o,A,X,G,l,<,l,d,f,Q,t,4,e,o,*,C,Y,V,x,U,-,U,H,`,(,',?
j,L,n,?,#,`,C,],J,:,j,N,D,j,l,r,{,f,b,c,x,?,y,U,:,9,0,a,s,0,},C,`,f,G,\,@,1,{,9,-,"""",H,;,',Q,7,F,c,o,},4,U,u,p,S,b,T,n,8,m,.,9,C
k,0,d,=,M,},s,},B,w,Q,@,a,},H,Z,p,9,5,_,G,O,V,#,|,_,k,),n,|,>,U,|,c,A,6,%,"""",},%,~,e,V,_,g,%,b,y,Z,G,q,7,.,a,P,B,(,:,\,6,q,!,s,1
l,Y,0,w,E,h,k,C,Z,&,D,0,),_,E,],+,M,k,7,Y,G,|,I,!,;,v,"""",2,q,p,>,R,S,D,_,!,i,&,6,R,0,{,C,K,t,\,5,D,u,V,C,>,?,S,%,1,f,%,\,=,C,U,k
m,<,D,|,:,@,w,^,l,},6,*,%,>,c,<,P,o,d,<,*,],{,&,~,*,D,i,6,g,U,;,/,<,z,n,6,@,N,1,],L,^,c,0,<,r,%,s,{,H,U,w,v,O,6,!,},Z,>,Q,S,!,i
n,:,i,j,0,2,n,N,6,-,&,+,U,L,P,y,I,S,9,b,|,Y,Y,z,{,J,),U,;,{,A,(,<,2,[,Z,R,Y,%,P,F,O,E,i,f,$,B,I,q,?,X,],T,r,k,7,$,],w,X,z,Z,2,v
o,x,5,_,B,[,D,E,b,v,0,-,/,[,X,D,0,\,L,P,U,L,m,e,},z,X,(,>,/,E,r,U,K,&,A,G,u,v,e,;,`,a,P,$,\,u,G,|,w,p,g,[,5,$,),-,*,?,7,O,p,w,`
p,>,|,E,F,D,f,O,_,$,A,%,#,4,},R,W,^,3,@,e,0,',_,P,{,],S,F,s,C,{,3,>,Q,.,K,|,?,D,@,5,n,},"""",G,O,T,0,A,f,_,6,_,w,b,/,x,~,?,D,X,K,-
q,/,!,F,D,S,-,y,u,g,y,s,8,g,f,%,Q,w,n,r,[,h,h,x,i,/,>,Z,/,4,6,Z,!,Z,g,`,4,;,r,<,8,Z,+,[,4,y,2,b,\,^,>,`,_,w,v,c,*,3,(,y,[,%,(,e
r,B,j,f,u,(,>,/,+,Z,|,7,e,C,V,c,_,.,F,G,P,<,g,O,X,>,x,B,$,G,&,<,f,O,+,I,],!,F,z,#,o,T,#,x,-,E,V,8,I,=,h,z,+,7,p,O,I,9,r,),w,B,2
s,y,Z,W,W,A,q,x,g,4,9,',Y,!,2,m,a,2,>,4,@,U,p,V,l,e,#,$,e,>,h,p,1,:,t,|,-,5,R,i,Y,q,j,Y,D,x,y,g,[,X,s,~,E,t,[,C,s,Y,],d,t,z,O,5
t,.,1,r,i,5,h,f,w,V,T,J,n,+,;,B,y,x,/,j,a,s,r,:,L,v,U,C,l,\,b,b,K,7,v,f,n,c,V,/,$,K,x,z,B,4,I,d,n,[,],!,=,U,g,V,~,=,u,Q,r,),b,B
u,C,~,d,R,b,x,c,q,m,h,K,?,%,A,K,C,&,1,|,>,7,9,5,=,a,^,3,+,!,N,w,N,"""",~,T,~,Z,#,g,?,N,',x,l,{,8,C,C,P,e,O,n,i,~,(,Y,%,8,z,l,y,N,7
v,A,^,Y,"""",>,a,+,I,x,N,C,],.,x,+,|,[,',S,B,1,-,^,4,P,l,5,o,V,V,E,q,i,P,U,r,G,T,J,_,',2,S,U,0,-,8,w,<,"""",M,j,f,r,n,L,Z,2,C,C,_,v,(
w,],',+,?,c,0,q,H,%,R,L,B,p,D,5,X,U,X,V,c,',t,0,.,S,-,?,i,],9,4,p,C,6,l,t,g,H,"""",k,$,N,K,5,E,A,K,6,p,S,[,$,X,;,:,u,p,K,j,X,"""",x,=
x,f,`,R,6,j,l,;,L,a,$,X,~,c,-,h,x,T,v,g,],n,},j,R,M,`,m,E,3,a,[,T,[,"""",H,D,T,f,`,*,:,z,3,;,k,l,o,g,c,W,|,;,T,W,"""",h,5,@,^,U,r,l,X
y,3,4,(,P,"""",1,#,R,R,p,p,b,e,_,[,@,W,e,8,j,t,~,-,6,c,T,q,u,1,5,9,2,=,q,p,u,0,!,$,a,X,!,H,H,A,_,f,o,%,d,v,?,d,*,M,e,U,I,Y,$,D,=,'
z,;,8,\,7,3,3,u,c,W,H,>,V,~,=,6,r,@,),6,W,~,U,R,c,1,P,b,=,C,O,Q,4,1,U,2,e,R,5,W,7,r,@,2,@,V,p,$,5,7,',$,v,S,<,f,q,e,C,_,S,U,1,s
0,e,[,y,G,:,[,4,0,),M,E,z,"""",\,{,%,0,D,D,R,F,!,C,0,6,H,o,Q,I,?,-,"""",8,l,[,_,j,7,#,9,V,i,6,Q,Y,@,A,!,H,U,3,@,D,{,i,w,@,.,K,#,~,d,I
1,r,G,K,&,%,^,!,;,i,X,8,x,Y,6,u,w,C,-,t,#,^,],3,w,n,<,*,g,X,:,),Q,E,(,K,h,_,~,j,O,>,U,\,|,R,T,D,k,),6,{,Z,$,A,w,#,J,G,J,-,j,\,j
2,[,q,@,\,',2,j,|,3,b,!,G,S,{,q,m,p,W,[,6,-,Q,W,g,',/,d,y,?,d,G,L,4,h,C,',a,O,~,f,.,e,X,t,.,"""",(,F,#,v,8,<,;,!,J,F,K,!,-,"""",K,A,H
3,l,*,A,(,Z,t,2,*,n,8,j,3,B,/,:,&,e,G,K,.,W,/,f,F,(,c,z,N,K,3,t,r,m,!,+,},),G,R,^,/,7,4,A,N,F,u,L,Y,<,X,c,],\,a,M,V,J,u,4,G,j,{
4,Q,U,L,m,.,\,h,',+,w,I,i,N,j,k,v,',},n,',_,n,],^,X,q,I,|,v,c,*,&,V,',@,q,2,.,8,[,=,4,f,N,+,Y,`,',Q,D,f,},x,@,h,T,G,),o,R,3,X,Z
5,"""",/,l,9,1,?,|,k,[,C,a,J,?,m,d,!,n,R,H,w,!,M,g,t,A,@,<,3,-,1,:,j,0,3,),$,-,0,I,h,[,/,^,3,B,M,s,j,M,c,0,R,!,i,l,o,w,:,P,W,7,r,O
6,`,X,"""",+,~,$,=,f,j,>,z,7,1,O,>,#,5,7,C,J,e,.,`,3,x,s,],b,h,=,!,D,\,8,q,Z,8,c,.,!,p,>,T,a,J,s,=,<,D,t,R,"""",^,e,m,g,F,M,|,Y,a,z,U
7,@,],I,x,],&,X,4,E,@,b,<,P,7,n,O,G,~,',L,"""",J,o,5,p,:,\,0,*,e,z,X,],y,R,T,m,y,y,&,~,G,d,>,n,$,Z,r,4,5,F,~,-,+,v,n,j,*,',s,n,/,Y
8,W,C,-,4,|,L,m,],d,F,&,},3,s,;,k,t,l,*,^,z,8,D,U,Y,=,R,',6,v,h,e,r,f,k,;,w,@,p,v,<,F,>,i,a,#,.,l,F,h,"""",e,h,-,],K,.,x,m,',^,:,u
9,$,e,m,!,i,],R,<,z,S,m,S,v,@,7,?,},J,F,7,T,b,y,x,u,},x,h,&,w,a,o,e,I,D,[,$,e,s,V,S,W,V,z,h,K,h,u,j,u,>,o,3,5,d,},E,4,/,*,J,I,o
